{
    "count": 9,
    "entriesgmap": [
        {
            "Address": "Haruki, Aichiguntogocho, Aichi, Japan",
            "Latitude": "35.22653",
            "Longitude": "137.04159"
        },
        {
            "Address": "Harukidai, Aichiguntogocho, Aichi, Japan",
            "Latitude": "35.18749",
            "Longitude": "137.07295"
        },
        {
            "Address": "Hyogo, Aichiguntogocho, Aichi, Japan",
            "Latitude": "35.21774",
            "Longitude": "137.03135"
        },
        {
            "Address": "Kitayamadai, Aichiguntogocho, Aichi, Japan",
            "Latitude": "35.09825",
            "Longitude": "137.06464"
        },
        {
            "Address": "Mitake, Aichiguntogocho, Aichi, Japan",
            "Latitude": "35.11205",
            "Longitude": "137.06377"
        },
        {
            "Address": "Adachi, Adachi-ku, Tokyo, Japan",
            "Latitude": "35.76353",
            "Longitude": "139.80664"
        },
        {
            "Address": "Aburadai, Akiruno-shi, Tokyo, Japan",
            "Latitude": "35.72550",
            "Longitude": "139.28607"
        },
        {
            "Address": "Ha Suge San, Aikawa Machi, Aiko-gun, Kanagawa, Japan",
            "Latitude": "35.51843",
            "Longitude": "139.33465"
        },
        {
            "Address": "Akai, Daito-shi, Osaka, Japan",
            "Latitude": "34.70845",
            "Longitude": "135.61727"
        },
        {
            "Address": "Bunka, Abashiri-shi, Hokkaido, Japan",
            "Latitude": "43.99602",
            "Longitude": "144.22811"
        },
        {
            "Address": "Aichi, Ginowan-shi, Okinawa, Japan",
            "Latitude": "26.26799",
            "Longitude": "127.76887"
        }
    ]
}