{
    "count": 5,
    "entries": [
        {
            "Area": "Aichi",
            "Image": "http://d20aeo683mqd6t.cloudfront.net/articles/title_images/000/026/214/medium/1.-Nagoya.jpg",
            "Address": "Haruki, Aichiguntogocho, Aichi, Japan",
            "Postalcode": "470-0162"
        },
        {
            "Area": "Aichi",
            "Image": "https://lh3.googleusercontent.com/proxy/bVxi_gnE07ZoyAUZ9YxMEY1Tsr1K2ri96OU5Zm8KlE3W3WwOnIG36hKv_3HBtCo0QhPO_zPB0RJAu3M5ACpoYreyhEAyQ7sbfgZhyzorlpvQa_amdnTfZHD0zw",
            "Address": "Harukidai, Aichiguntogocho, Aichi, Japan",
            "Postalcode": "470-0161"
        },
        {
            "Area": "Aichi",
            "Image": "https://gaijinpot.scdn3.secure.raxcdn.com/app/uploads/sites/6/2016/06/Nagoya-Castle-1024x731.jpg",
            "Address": "Hyogo, Aichiguntogocho, Aichi, Japan",
            "Postalcode": "470-0166"
        },
        {
            "Area": "Aichi",
            "Image": "https://resources.matcha-jp.com/original/2019/09/18-86314.jpeg",
            "Address": "Kitayamadai, Aichiguntogocho, Aichi, Japan",
            "Postalcode": "470-0152"
        },
        {
            "Area": "Aichi",
            "Image": "https://gaijinpot.scdn3.secure.raxcdn.com/app/uploads/sites/6/2020/04/Mt.-Mitake1.jpg",
            "Address": "Mitake, Aichiguntogocho, Aichi, Japan",
            "Postalcode": "470-0156"
        },
        {
            "Area": "Tokyo",
            "Image": "https://upload.wikimedia.org/wikipedia/commons/c/c2/2018_Shibuya_Crossing.jpg",
            "Address": "Adachi, Adachi-ku, Tokyo, Japan",
            "Postalcode": "120-0015"
        },
        {
            "Area": "Tokyo",
            "Image": "https://www.planetware.com/photos-large/JPN/japan-tokyo-asakusa-senso-ji-temple.jpg",
            "Address": "Aburadai, Akiruno-shi, Tokyo, Japan",
            "Postalcode": "197-0827"
        },
        {
            "Area": "Kanagawa",
            "Image": "https://2.bp.blogspot.com/-gU6xcB4b554/WI7F10nfjII/AAAAAAAAkQ8/FB3h7ye_Yb81hfewdPgGw6Rb2qxpHDjmQCLcB/s1600/18.jpg",
            "Address": "Ha Suge San, Aikawa Machi, Aiko-gun, Kanagawa, Japan",
            "Postalcode": "243-0305"
        },
        {
            "Area": "Osaka",
            "Image": "https://resources.matcha-jp.com/original/2019/06/13-79468.jpeg",
            "Address": "Akai, Daito-shi, Osaka, Japan",
            "Postalcode": "574-0046"
        },
        {
            "Area": "Hokkaido",
            "Image": "https://www.japan.travel/snow/en/assets/img/snow-travel/winter-festival/abashiri-okhotsk-drift-ice-festival/kv.jpg",
            "Address": "Bunka, Abashiri-shi, Hokkaido, Japan",
            "Postalcode": "093-0090"
        },
        {
            "Area": "Okinawa",
            "Image": "https://cdn.thecrazytourist.com/wp-content/uploads/2018/05/ccimage-shutterstock_158942111.jpg",
            "Address": "Aichi, Ginowan-shi, Okinawa, Japan",
            "Postalcode": "901-2206"
        }
    ]
}
