{
    "count": 9,
    "entriesweather": [
        {
            "Address": "Haruki, Aichiguntogocho, Aichi, Japan",
            "Weather_state": "Sunny",
            "Temp_max": "21",
            "Temp_min": "20",
            "Weather_icon": "img/sunny_blk.png",
            "Next_weather": [
                {
                    "next_day":{
                        "day": "Tuesday",
                        "date": "03/02/2021",
                        "Weather_state": "Rainy",
                        "Temp_max": "14",
                        "Temp_min": "11",  
                        "Weather_icon": "img/rainy.png"
                    },
                    "second_day":{
                        "day": "Wednesday",
                        "date": "03/03/2021",
                        "Weather_state": "Cloudy",
                        "Temp_max": "25",
                        "Temp_min": "20",  
                        "Weather_icon": "img/cloudy.png"
                    },
                    "third_day":{
                        "day": "Thursday",
                        "date": "03/04/2021",
                        "Weather_state": "Thunder",
                        "Temp_max": "11",
                        "Temp_min": "9",  
                        "Weather_icon": "img/thunder.png"
                    }
                }
                
            ]          
        },
        {
            "Address": "Harukidai, Aichiguntogocho, Aichi, Japan",
            "Weather_state": "Rainy",
            "Temp_max": "14",
            "Temp_min": "10",
            "Weather_icon": "img/rainy_blk.png",
            "Next_weather": [
                {
                    "next_day":{     
                        "day": "Wednesday",
                        "date": "03/03/2021",
                        "Weather_state": "Rainy",
                        "Temp_max": "13",
                        "Temp_min": "11",  
                        "Weather_icon": "img/rainy.png"
                    },
                    "second_day":{
                        "day": "Thursday",
                        "date": "03/04/2021",
                        "Weather_state": "Cloudy",
                        "Temp_max": "21",
                        "Temp_min": "20",  
                        "Weather_icon": "img/cloudy.png"
                    },
                    "third_day":{
                        "day": "Friday",
                        "date": "03/05/2021",
                        "Weather_state": "Thunder",
                        "Temp_max": "10",
                        "Temp_min": "9",  
                        "Weather_icon": "img/thunder.png"
                    }
                }
                
            ]
        },
        {
            "Address": "Hyogo, Aichiguntogocho, Aichi, Japan",
            "Weather_state": "Cloudy",
            "Temp_max": "20",
            "Temp_min": "17",
            "Weather_icon": "img/cloudy_blk.png",
            "Next_weather": [
                {
                    "next_day":{     
                        "day": "Wednesday",
                        "date": "03/04/2021",                        
                        "Weather_state": "Thunder",
                        "Temp_max": "10",
                        "Temp_min": "9", 
                        "Weather_icon": "img/rainy.png"
                    },
                    "second_day":{
                        "day": "Thursday",
                        "date": "03/05/2021",
                        "Weather_state": "Cloudy",
                        "Temp_max": "21",
                        "Temp_min": "20",  
                        "Weather_icon": "img/cloudy.png"
                    },
                    "third_day":{
                        "day": "Friday",
                        "date": "03/06/2021",
                        "Weather_state": "Rainy",
                        "Temp_max": "13",
                        "Temp_min": "11",  
                        "Weather_icon": "img/thunder.png"
                    }
                }
                
            ]
        },
        {
            "Address": "Kitayamadai, Aichiguntogocho, Aichi, Japan",
            "Weather_state": "Cloudy",
            "Temp_max": "20",
            "Temp_min": "17",
            "Weather_icon": "img/cloudy_blk.png",
            "Next_weather": [
                {
                    "next_day":{     
                        "day": "Wednesday",
                        "date": "03/05/2021",
                        "Weather_state": "Cloudy",
                        "Temp_max": "21",
                        "Temp_min": "20", 
                        "Weather_icon": "img/rainy.png"
                    },
                    "second_day":{
                        "day": "Thursday",
                        "date": "03/06/2021",
                        
                        "Weather_state": "Rainy",
                        "Temp_max": "13",
                        "Temp_min": "11",
                        "Weather_icon": "img/cloudy.png"
                    },
                    "third_day":{
                        "day": "Friday",
                        "date": "03/07/2021",
                        "Weather_state": "Thunder",
                        "Temp_max": "10",
                        "Temp_min": "9",  
                        "Weather_icon": "img/thunder.png"
                    }
                }
                
            ]
        },
        {
            "Address": "Mitake, Aichiguntogocho, Aichi, Japan",
            "Weather_state": "Cloudy",
            "Temp_max": "20",
            "Temp_min": "17",
            "Weather_icon": "img/cloudy_blk.png",
            "Next_weather": [
                {
                    "next_day":{     
                        "day": "Wednesday",
                        "date": "03/06/2021",
                        "Weather_state": "Thunder",
                        "Temp_max": "14",
                        "Temp_min": "9",  
                        "Weather_icon": "img/rainy.png"
                    },
                    "second_day":{
                        "day": "Thursday",
                        "date": "03/07/2021",
                        "Weather_state": "Rainy",
                        "Temp_max": "16",
                        "Temp_min": "11", 
                        "Weather_icon": "img/cloudy.png"
                    },
                    "third_day":{
                        "day": "Friday",
                        "date": "03/08/2021",
                        "Weather_state": "Cloudy",
                        "Temp_max": "23",
                        "Temp_min": "20",  
                        "Weather_icon": "img/thunder.png"
                    }
                }
                
            ]
        },
        {
            "Address": "Adachi, Adachi-ku, Tokyo, Japan",
            "Weather_state": "Cloudy",
            "Temp_max": "20",
            "Temp_min": "17",
            "Weather_icon": "img/cloudy_blk.png",
            "Next_weather": [
                {
                    "next_day":{     
                        "day": "Wednesday",
                        "date": "03/06/2021",
                        "Weather_state": "Thunder",
                        "Temp_max": "10",
                        "Temp_min": "9",  
                        "Weather_icon": "img/rainy.png"
                    },
                    "second_day":{
                        "day": "Thursday",
                        "date": "03/07/2021",
                        "Weather_state": "Rainy",
                        "Temp_max": "13",
                        "Temp_min": "10", 
                        "Weather_icon": "img/cloudy.png"
                    },
                    "third_day":{
                        "day": "Friday",
                        "date": "03/08/2021",
                        "Weather_state": "Cloudy",
                        "Temp_max": "21",
                        "Temp_min": "20",  
                        "Weather_icon": "img/thunder.png"
                    }
                }
                
            ]
        },
        {
            "Address": "Aburadai, Akiruno-shi, Tokyo, Japan",
            "Weather_state": "Cloudy",
            "Temp_max": "20",
            "Temp_min": "17",
            "Weather_icon": "img/cloudy_blk.png",
            "Next_weather": [
                {
                    "next_day":{     
                        "day": "Wednesday",
                        "date": "03/06/2021",
                        "Weather_state": "Thunder",
                        "Temp_max": "10",
                        "Temp_min": "9",  
                        "Weather_icon": "img/rainy.png"
                    },
                    "second_day":{
                        "day": "Thursday",
                        "date": "03/07/2021",
                        "Weather_state": "Cloudy",
                        "Temp_max": "24",
                        "Temp_min": "22",  
                        "Weather_icon": "img/thunder.png"
                    },
                    "third_day":{
                        "day": "Friday",
                        "date": "03/08/2021",
                        "Weather_state": "Rainy",
                        "Temp_max": "15",
                        "Temp_min": "13", 
                        "Weather_icon": "img/cloudy.png"                        
                    }
                }
                
            ]
        },
        {
            "Address": "Ha Suge San, Aikawa Machi, Aiko-gun, Kanagawa, Japan",
            "Weather_state": "Cloudy",
            "Temp_max": "20",
            "Temp_min": "17",
            "Weather_icon": "img/cloudy_blk.png",
            "Next_weather": [
                {
                    "next_day":{     
                        "day": "Wednesday",
                        "date": "03/06/2021",
                        "Weather_state": "Thunder",
                        "Temp_max": "13",
                        "Temp_min": "11",  
                        "Weather_icon": "img/rainy.png"
                    },
                    "second_day":{
                        "day": "Thursday",
                        "date": "03/07/2021",
                        "Weather_state": "Rainy",
                        "Temp_max": "14",
                        "Temp_min": "13", 
                        "Weather_icon": "img/cloudy.png"
                    },
                    "third_day":{
                        "day": "Friday",
                        "date": "03/08/2021",
                        "Weather_state": "Cloudy",
                        "Temp_max": "22",
                        "Temp_min": "19",  
                        "Weather_icon": "img/thunder.png"
                    }
                }
                
            ]
        },
        {
            "Address": "Akai, Daito-shi, Osaka, Japan",
            "Weather_state": "Cloudy",
            "Temp_max": "20",
            "Temp_min": "17",
            "Weather_icon": "img/cloudy_blk.png",
            "Next_weather": [
                {
                    "next_day":{     
                        "day": "Wednesday",
                        "date": "03/06/2021",
                        "Weather_state": "Cloudy",
                        "Temp_max": "24",
                        "Temp_min": "19",  
                        "Weather_icon": "img/thunder.png"
                        
                    },
                    "second_day":{
                        "day": "Thursday",
                        "date": "03/07/2021",
                        "Weather_state": "Rainy",
                        "Temp_max": "15",
                        "Temp_min": "12", 
                        "Weather_icon": "img/cloudy.png"
                    },
                    "third_day":{
                        "day": "Friday",
                        "date": "03/08/2021",
                        "Weather_state": "Thunder",
                        "Temp_max": "11",
                        "Temp_min": "10",  
                        "Weather_icon": "img/rainy.png"                        
                    }
                }
                
            ]
        },
        {
            "Address": "Bunka, Abashiri-shi, Hokkaido, Japan",
            "Weather_state": "Cloudy",
            "Temp_max": "20",
            "Temp_min": "17",
            "Weather_icon": "img/cloudy_blk.png",
            "Next_weather": [
                {
                    "next_day":{     
                        "day": "Wednesday",
                        "date": "03/06/2021",
                        "Weather_state": "Thunder",
                        "Temp_max": "13",
                        "Temp_min": "8",  
                        "Weather_icon": "img/rainy.png"
                    },
                    "second_day":{
                        "day": "Thursday",
                        "date": "03/07/2021",
                        "Weather_state": "Rainy",
                        "Temp_max": "12",
                        "Temp_min": "11", 
                        "Weather_icon": "img/cloudy.png"
                    },
                    "third_day":{
                        "day": "Friday",
                        "date": "03/08/2021",
                        "Weather_state": "Cloudy",
                        "Temp_max": "21",
                        "Temp_min": "20",  
                        "Weather_icon": "img/thunder.png"
                    }
                }
                
            ]
        },
        {
            "Address": "Aichi, Ginowan-shi, Okinawa, Japan",
            "Weather_state": "Cloudy",
            "Temp_max": "20",
            "Temp_min": "17",
            "Weather_icon": "img/cloudy_blk.png",
            "Next_weather": [
                {
                    "next_day":{     
                        "day": "Wednesday",
                        "date": "03/06/2021",
                        "Weather_state": "Cloudy",
                        "Temp_max": "21",
                        "Temp_min": "20",  
                        "Weather_icon": "img/thunder.png"
                        
                    },
                    "second_day":{
                        "day": "Thursday",
                        "date": "03/07/2021",
                        "Weather_state": "Rainy",
                        "Temp_max": "14",
                        "Temp_min": "10", 
                        "Weather_icon": "img/cloudy.png"
                    },
                    "third_day":{
                        "day": "Friday",
                        "date": "03/08/2021",                        
                        "Weather_state": "Thunder",
                        "Temp_max": "10",
                        "Temp_min": "9",  
                        "Weather_icon": "img/rainy.png"
                    }
                }
                
            ]
        }
    ]
}